track_id,track_name
99,"Your Time Has Come"
101,"Be Yourself"
104,"Heaven's Dead"
106,"Man Or Animal"
107,"Yesterday To Tomorrow"
111,Money
112,"Long Tall Sally"
113,"Bad Boy"
114,"Twist And Shout"
115,"Please Mr. Postman"
116,"C'Mon Everybody"
117,"Rock 'N' Roll Music"
118,"Slow Down"
119,Roadrunner
120,Carol
121,"Good Golly Miss Molly"
122,"20 Flight Rock"
123,Quadrant
124,"Snoopy's search-Red baron"
125,"Spanish moss-"A sound portrait""-Spanish moss""
127,Stratus
129,Solo-Panhandler
133,"Stronger Than Death"
136,"Phoney Smile Fake Hellos"
141,"World Of Trouble"
143,"The Begining... At Last"
144,"Heart Of Gold"
145,Snowblind
148,"The Beginning...At Last"
159,FX
166,"Smoked Pork"
167,"Body Count's In The House"
168,"Now Sports"
169,"Body Count"
170,"A Statistic"
171,"Bowels Of The Devil"
173,"KKK Bitch"
174,"D Note"
175,Voodoo
176,"The Winner Loses"
177,"There Goes The Neighborhood"
178,Oprah
179,"Evil Dick"
180,"Body Count Anthem"
181,"Momma's Gotta Die Tonight"
182,"Freedom Of Speech"
185,"The Tower"
187,"Book Of Thel"
189,Jerusalem
190,"Trupets Of Jericho"
191,"Machine Men"
192,"The Alchemist"
193,Realword
205,"Jorge Da CapadÃ³cia"
209,"Eclipse Oculto"
210,"Texto "Verdade Tropical""""
211,"Bem Devagar"
213,Saudosismo
214,Carolina
215,Sozinho
216,"Esse Cara"
217,Mel
218,"Linha Do Equador"
220,"A Luz De Tieta"
221,"AtrÃ¡s Da Verd-E-Rosa SÃ³ NÃ£o Vai Quem JÃ¡ Morreu"
223,"Sozinho (Hitmakers Classic Mix)"
230,"Bye, Bye Brasil"
231,"Atras Da Porta"
232,Tatuagem
234,"Morena De Angola"
235,"Apesar De VocÃª"
236,"A Banda"
238,"Com AÃ§Ãºcar E Com Afeto"
239,"Brejo Da Cruz"
240,"Meu Caro Amigo"
241,"Geni E O Zepelim"
242,"Trocando Em MiÃºdos"
243,"Vai Trabalhar Vagabundo"
244,"Gota D'Ã¡gua"
245,"ConstruÃ§Ã£o / Deus Lhe Pague"
246,"Mateus Enter"
247,"O CidadÃ£o Do Mundo"
248,Etnia
249,"Quilombo Groove [instrumental]"
250,MacÃ´
251,"Um Passeio No Mundo Livre"
252,"Samba Do Lado"
253,"Maracatu AtÃ´mico"
254,"O Encontro De Isaac Asimov Com Santos Dumont No CÃ©u"
255,"Corpo De Lama"
256,Sobremesa
257,Manguetown
258,"Um SatÃ©lite Na CabeÃ§a"
259,"BaiÃ£o Ambiental [instrumental]"
260,"Sangue De Bairro"
262,"Interlude Zumbi"
263,"CrianÃ§a De Domingo"
264,"Amor De Muito"
265,"Samidarish [instrumental]"
266,"Maracatu AtÃ´mico [Atomic Version]"
267,"Maracatu AtÃ´mico [Ragga Mix]"
269,"Banditismo Por Uma Questa"
270,"Banditismo Por Uma Questa"
271,"Rios Pontes & Overdrives"
272,Cidade
273,Praiera
274,"Samba Makossa"
275,"Da Lama Ao Caos"
276,"Maracatu De Tiro Certeiro"
277,"Salustiano Song"
278,"Antene Se"
279,Risoflora
280,"Lixo Do Mangue"
281,"Computadores Fazem Arte"
282,Girassol
283,"A Sombra Da Maldade"
284,"Johnny B. Goode"
285,"Soldado Da Paz"
286,Firmamento
287,Extra
288,"O ErÃª"
289,"Podes Crer"
290,"A Estrada"
291,Berlim
292,"JÃ¡ Foi"
293,"Onde VocÃª Mora?"
294,Pensamento
295,ConciliaÃ§Ã£o
296,"Realidade Virtual"
297,Mensagem
299,"Onde VocÃª Mora?"
300,"O ErÃª"
302,"A Estrada"
303,"Falar A Verdade"
304,Firmamento
305,Pensamento
306,"Realidade Virtual"
307,Doutor
308,"Na Frente Da TV"
309,Downtown
310,"SÃ¡bado A Noite"
311,"A Cor Do Sol"
312,"Eu TambÃ©m Quero Beijar"
313,"Noite Do Prazer"
314,"Ã€ Francesa"
315,"Cada Um Cada Um (A Namoradeira)"
316,"Linha Do Equador"
317,"Amor Demais"
318,FÃ©rias
319,"Gostava Tanto De VocÃª"
320,"Flor Do Futuro"
321,"Felicidade Urgente"
322,"Livre Pra Viver"
323,"Dig-Dig, Lambe-Lambe (Ao Vivo)"
324,PererÃª
325,TriboTchan
326,"Tapa Aqui, Descobre Ali"
327,Daniela
328,"Bate Lata"
329,"Garotas do Brasil"
330,"Levada do Amor (Ailoviu)"
331,Lavadeira
332,Reboladeira
333,"Ã‰ que Nessa EncarnaÃ§Ã£o Eu Nasci Manga"
334,"Reggae Tchan"
335,"My Love"
336,"Latinha de Cerveja"
338,"I Can't Quit You Baby"
339,"Communication Breakdown"
343,"Communication Breakdown(2)"
345,"Whole Lotta Love"
347,"Communication Breakdown(3)"
351,"Debra Kadabra"
352,"Carolina Hard-Core Ecstasy"
353,"Sam With The Showing Scalp Flat Top"
354,"Poofter's Froth Wyoming Plans Ahead"
355,"200 Years Old"
356,Cucamonga
357,"Advance Romance"
358,"Man With The Woman Head"
359,"Muffin Man"
360,"Vai-Vai 2001"
361,"X-9 2001"
362,"Gavioes 2001"
